Variable,Importancia
area,0.5075335588066981
bedrooms,0.09227240450694739
prefarea,0.08497899247168252
airconditioning,0.06672425652921793
furnishingstatus,0.05173899531119479
parking,0.043343452925401
stories,0.034584185105018435
guestroom,0.03192747652867512
bathrooms,0.03157046197195494
basement,0.029124971013186198
mainroad,0.026201244830023507
hotwaterheating,0.0
