Algoritmo,CV_Accuracy_Mean,CV_Accuracy_Std,Test_Accuracy,Precision,Recall,F1_Score,AUC,Tiempo_Entrenamiento_s,Mejores_Parametros
Regresion Logistica,0.819002050580998,0.05438716997201577,0.8475609756097561,0.8255813953488372,0.8765432098765432,0.8502994011976048,0.9247359809608805,2.192023515701294,"{'C': 0.1, 'solver': 'liblinear'}"
Arbol de Decision,0.7610731373889269,0.04233033094755508,0.7560975609756098,0.7411764705882353,0.7777777777777778,0.7590361445783133,0.7563587684069613,0.10208821296691895,"{'max_depth': None, 'min_samples_split': 2}"
Red Neuronal,0.776930963773069,0.04465014232485428,0.8292682926829268,0.8045977011494253,0.8641975308641975,0.8333333333333334,0.8882939164063661,7.321589231491089,"{'alpha': 0.1, 'hidden_layer_sizes': (50,)}"
Naive Bayes,0.7874572795625427,0.07110187350214667,0.823170731707317,0.782608695652174,0.8888888888888888,0.8323699421965318,0.9129852744310576,0.0,Sin parametros para optimizar
SVM,0.8137047163362953,0.05646760468246292,0.8353658536585366,0.8461538461538461,0.8148148148148148,0.8301886792452831,0.9214636323070058,0.17981672286987305,"{'C': 0.1, 'kernel': 'linear'}"
K-Vecinos,0.8136363636363637,0.06307537744155563,0.8170731707317073,0.8148148148148148,0.8148148148148148,0.8148148148148148,0.902201398185334,0.0760505199432373,"{'n_neighbors': 9, 'weights': 'uniform'}"
