k,inertia,silhouette
2,2343.0520370482122,0.3198204778089732
3,1959.7055676098807,0.27243728374376897
4,1695.0046753694098,0.2302381886970524
5,1501.4670443012867,0.24535549350170896
6,1372.81432406048,0.25762761688173325
7,1263.212617573025,0.2577020622752374
8,1192.1735075030178,0.2420244301652332
9,1138.6343736566077,0.23697883463290326
10,1086.8677068788102,0.24630890721968404
