Algoritmo,CV_Accuracy_Mean,CV_Accuracy_Std,Test_Accuracy,Precision,Recall,F1_Score,AUC,Tiempo_Entrenamiento_s,Mejores_Parametros
Regresion Logistica,0.819002050580998,0.05438716997201577,0.8475609756097561,0.8255813953488372,0.8765432098765432,0.8502994011976048,0.9247359809608805,2.564854383468628,"{'C': 0.1, 'solver': 'liblinear'}"
Arbol de Decision,0.7610731373889269,0.04233033094755508,0.7560975609756098,0.7411764705882353,0.7777777777777778,0.7590361445783133,0.7563587684069613,0.13982486724853516,"{'max_depth': None, 'min_samples_split': 2}"
Red Neuronal,0.805775803144224,0.0602259242517803,0.823170731707317,0.7888888888888889,0.8765432098765432,0.8304093567251462,0.9004908522980812,1.506704568862915,"{'alpha': 0.1, 'hidden_layer_sizes': (50, 50), 'learning_rate': 'constant', 'learning_rate_init': 0.01}"
Naive Bayes,0.7874572795625427,0.07110187350214667,0.823170731707317,0.782608695652174,0.8888888888888888,0.8323699421965318,0.9129852744310576,0.0010318756103515625,Sin parametros para optimizar
SVM,0.8137047163362953,0.05646760468246292,0.8353658536585366,0.8461538461538461,0.8148148148148148,0.8301886792452831,0.9214636323070058,0.18441486358642578,"{'C': 0.1, 'kernel': 'linear'}"
K-Vecinos,0.8136363636363637,0.06307537744155563,0.8170731707317073,0.8148148148148148,0.8148148148148148,0.8148148148148148,0.902201398185334,0.06251001358032227,"{'n_neighbors': 9, 'weights': 'uniform'}"
